<?xml version="1.0" encoding="UTF-8"?>
<Configuration status="warn">
    <properties>
          <property name="format">[hlog][1t][%d{yyyy-MM-dd HH:mm:ss.SSS}][%p][%t][%c{1.}][%X{traceId},%X{rpcId},%X{data_identity_tag},%X{sysTag},%X{unitRouteCode}][%X{title},%X{tag},%X{throwable}] - %maxLen{%m}{102400}%n</property>
    </properties>

    <Appenders>
            <Console name="Console" target="SYSTEM_OUT">
               <PatternLayout>
                   <Pattern>${format}</Pattern>
              </PatternLayout>
            </Console>

            <RollingFile name="common" fileName="logs/app/common.log" filePattern="logs/app/common-%d{yyyy-MM-dd}.%i.log">
                <PatternLayout>
                     <Pattern>${format}</Pattern>
                </PatternLayout>
                <Policies>
                    <SizeBasedTriggeringPolicy size="200 MB"/>
                    <TimeBasedTriggeringPolicy interval="1"/>
                </Policies>
                <DefaultRolloverStrategy max="3"/>
            </RollingFile>

        <!-- 自定义appender -->
    </Appenders>
    <Loggers>
        <!-- 可以渲染多个Logger -->

        <!-- 中间件日志过滤 -->
        <AsyncLogger name="org.eclipse.jetty" level="info" additivity="false">
        </AsyncLogger>
        <AsyncLogger name="RocketmqClient" level="warn" additivity="false">
        </AsyncLogger>
        <AsyncLogger name="com.hellobike.otter.datacenter.core.AppRouterClient" level="error" additivity="false">
        </AsyncLogger>
        <!--  -->

         <AsyncRoot level="info">
            <AppenderRef ref="Console"/>
            <AppenderRef ref="common"/>
        </AsyncRoot>

    </Loggers>
</Configuration>